VendorID,VendorName,VendorEmail
VEN001,Global Supplies Inc,contact@globalsupplies.com
VEN002,Tech Materials Ltd,info@techmaterials.net
VEN003,Industrial Solutions Co,sales@industrialsolutions.org
VEN004,Prime Components LLC,support@primecomponents.com
VEN005,Elite Manufacturers,admin@elitemanufacturers.co
VEN006,Apex Distributors,hello@apexdistributors.biz
VEN007,Dynamic Resources,contact@dynamicresources.com
VEN008,Precision Parts Corp,info@precisionparts.net
VEN009,Mega Supply Chain,sales@megasupply.org
VEN010,Unified Vendors,support@unifiedvendors.com
VEN011,Reliable Raw Materials,admin@reliableraw.co
VEN012,Strategic Sourcing,hello@strategicsourcing.biz
VEN013,Quality Goods Group,contact@qualitygoods.com
VEN014,Advanced Materials,info@advancedmaterials.net
VEN015,Innovative Components,sales@innovativecomponents.org
VEN016,Universal Industrial,support@universalindustrial.com
VEN017,Superior Materials,admin@superiormaterials.co
VEN018,Grand Supply Co,hello@grandsupply.biz
VEN019,Optimal Resources,contact@optimalresources.com
VEN020,Core Components,info@corecomponents.net
VEN021,Allied Suppliers,sales@alliedsuppliers.org
VEN022,First Choice Materials,support@firstchoicematerials.com
VEN023,Premier Industrial,admin@premierindustrial.co
VEN024,Direct Source LLC,hello@directsource.biz
VEN025,National Distributors,contact@nationaldistributors.com
VEN026,Future Fabricators,info@futurefabricators.net
VEN027,Green Tech Supplies,sales@greentech.org
VEN028,Eco-Friendly Materials,support@ecofriendly.com
VEN029,Sustainable Solutions,admin@sustainablesolutions.co
VEN030,Renewable Resources,hello@renewableresources.biz
VEN031,Smart Manufacturing,contact@smartmanufacturing.com
VEN032,Digital Components,info@digitalcomponents.net
VEN033,Robotics Raw,sales@roboticsraw.org
VEN034,AI Materials,support@aimaterials.com
VEN035,Quantum Supplies,admin@quantumsupplies.co
VEN036,Nano Technologies,hello@nanotech.biz
VEN037,Bio-Materials Inc,contact@biomaterials.com
VEN038,Medical Grade Supplies,info@medicalgrade.net
VEN039,Aerospace Alloys,sales@aerospacealloys.org
VEN040,Defense Components,support@defensecomponents.com
VEN041,Automotive Parts Co,admin@automotiveparts.co
VEN042,Marine Supplies,hello@marinesupplies.biz
VEN043,Construction Materials,contact@constructionmaterials.com
VEN044,Architectural Supplies,info@architecturalsupplies.net
VEN045,Textile Raw,sales@textileraw.org
VEN046,Apparel Components,support@apparelcomponents.com
VEN047,Footwear Materials,admin@footwearmaterials.co
VEN048,Jewelry Supplies,hello@jewelrysupplies.biz
VEN049,Artisan Materials,contact@artisanmaterials.com
VEN050,Craft Supplies,info@craftsupplies.net